"path_id","criteria","hr_os","selog_hr_os","hr_pfs","selog_hr_pfs","ae","number_of_patients","ease","g_index","sucra_os","sucra_pfs"
"C1","BRAF_mutation, ECOG",0.507509861257006,0.153462055406575,0.333866324159868,0.0681183752612561,0.215124816446401,3030,0.3491774093214,0.945835744016881,770.21875,790.734375
"C0","ECOG",0.517268441379195,0.15203250655024,0.330551286955658,0.0657744053570544,0.216473072861665,3160,0.35947379193694,0.953668787094381,720.875,837.3125
"C5","BRAF_mutation, neoadjuvant_treatment, ECOG",0.519064571587728,0.154357810311954,0.337707476242567,0.0683231592033848,0.216115855922761,2993,0.342731337619685,0.945625803305688,714.328125,737.703125
"C3","BRAF_mutation, Brain_Metastasis, ECOG",0.529012901707126,0.16083875621841,0.3582034227912,0.071246533914759,0.21363978899774,2950,0.332670462473316,0.92765862778985,668.5,455.140625
"C4","neoadjuvant_treatment, ECOG",0.533630136554805,0.153452713496191,0.333685136754657,0.0659966068397674,0.217313858211616,3119,0.352119607405406,0.954275119582348,650.203125,796.375
"C7","BRAF_mutation, Brain_Metastasis, neoadjuvant_treatment, ECOG",0.542221537977981,0.162207591588754,0.364082118054329,0.0714613353904265,0.214476190476192,2915,0.316758880742145,0.926928074739718,602.1875,374.53125
"C00","",0.57920036161654,0.289482535355018,0.309844889820863,0.267071088295986,0.207961399276237,4619,0.430145781745795,1,510.546875,828.546875
"C6","Brain_Metastasis, neoadjuvant_treatment, ECOG",0.567589689924564,0.161408080497053,0.359936285191123,0.0691438893328761,0.216008771929824,3038,0.330265869203556,0.934414987546923,508.453125,433.953125
"C2","Brain_Metastasis, ECOG",0.572220410537172,0.160583433452136,0.364255236280712,0.0692635905158732,0.215317919075143,3077,0.337010208362673,0.934092475005356,479.6875,370.703125
